id,time,emp,exchangeRate,interestRate,fxReserves,analysis,advice
1,2024/2/23 9:00,5.2,7.1852,4.35,3150.2,"Slightly positive employment data.","Monitor exchange rate closely."
2,2024/2/23 10:00,5.3,7.1825,4.32,3152.6,"Marginal improvement in employment, positive FX reserves growth.","Consider gradual easing of monetary policy."
3,2024/2/23 11:00,5.1,7.189,4.38,3148.8,"Employment data slightly down, potential for FX reserves depletion.","Review employment trends; cautious approach to policy changes."
4,2024/2/23 12:00,5.4,7.192,4.4,3145.5,"Significant employment increase, potentially inflationary pressure.","Consider tightening monetary policy to control inflation."
5,2024/2/23 13:00,5.2,7.188,4.36,3147.9,"Employment data fluctuating, moderate FX reserves decline.","Maintain current policy stance; observe upcoming data releases."
6,2024/2/23 14:00,5.3,7.185,4.34,3150.1,"Positive employment trend, stabilization of FX reserves.","Sustained growth may warrant future policy adjustments."
7,2024/2/23 15:00,5.5,7.18,4.3,3155.3,"Strong employment growth, significant increase in FX reserves.","Evaluate further policy easing and potential currency appreciation."
8,2024/2/23 16:00,5.2,7.19,4.37,3148.0,"Employment decrease after a peak, FX reserves reduction.","Implement measures to stimulate employment growth; address FX outflow."
9,2024/2/23 17:00,5.1,7.195,4.42,3142.7,"Further employment decline, continued FX reserves depletion.","Urgent action needed to reverse economic downturn and stabilize currency."
10,2024/2/23 18:00,5.0,7.2,4.45,3138.4,"Concerning employment data, significant FX reserves loss.","Implement structural reforms and consider external financial assistance."
11,2024/2/23 19:00,5.1,7.198,4.43,3140.5,"Slight employment recovery, some stabilization in FX reserves.","Monitor the effectiveness of implemented policies and prepare for further adjustments."
12,2024/2/23 20:00,5.2,7.195,4.4,3143.2,"Continued employment improvement, FX reserves recovering.","Gradually roll back emergency measures as economic conditions improve."
13,2024/2/23 21:00,5.3,7.19,4.38,3146.9,"Solid employment growth, significant FX reserves increase.","Reassess economic outlook and adjust policy targets accordingly."
14,2024/2/23 22:00,5.4,7.185,4.35,3151.1,"Strong positive economic indicators.","Prepare for sustainable long-term growth and manage associated risks."
15,2024/2/23 23:00,5.3,7.182,4.32,3153.5,"Continued positive momentum.","Focus on long-term economic stability and inclusive growth."
16,2024/2/24 0:00,5.2,7.18,4.3,3155.8,"Economic outlook remains optimistic.","Strategic investments to boost future productivity and competitiveness."
17,2024/2/24 1:00,5.1,7.183,4.33,3153.2,"Slight economic slowdown, but still positive.","Cautious approach to policy making; monitor global economic trends."
18,2024/2/24 2:00,5.0,7.186,4.36,3150.7,"Potential for economic stagnation.","Explore new avenues for economic growth and diversification."
19,2024/2/24 3:00,4.9,7.19,4.39,3147.9,"Signs of economic recession.","Implement proactive measures to mitigate the impact of the downturn."
20,2024/2/24 4:00,4.8,7.195,4.43,3144.6,"Deepening economic recession.","Aggressive intervention required to stimulate demand and support employment."